<linker>
	<assembly fullname="UnityEngine">
		<type fullname="UnityEngine.Object" preserve="nothing"/>
		<type fullname="UnityEngine.Behaviour" preserve="nothing"/>
		<type fullname="UnityEngine.Component" preserve="nothing"/>
		<type fullname="UnityEngine.MonoBehaviour" preserve="nothing"/>
		<type fullname="UnityEditor.MonoScript" preserve="nothing"/>
		<type fullname="UnityEngine.Material" preserve="nothing"/>
		<type fullname="UnityEditor.VFXManager" preserve="nothing"/>
		<type fullname="UnityEngine.ComputeShader" preserve="nothing"/>
		<type fullname="UnityEngine.Shader" preserve="nothing"/>
		<type fullname="UnityEditor.AudioManager" preserve="nothing"/>
		<type fullname="UnityEditor.PlayerSettings" preserve="nothing"/>
		<type fullname="UnityEngine.TextAsset" preserve="nothing"/>
		<type fullname="UnityEditor.PhysicsManager" preserve="nothing"/>
		<type fullname="UnityEditor.TimeManager" preserve="nothing"/>
		<type fullname="UnityEditor.InputManager" preserve="nothing"/>
		<type fullname="UnityEditor.TagManager" preserve="nothing"/>
		<type fullname="UnityEditor.MonoManager" preserve="nothing"/>
		<type fullname="UnityEngine.Rendering.GraphicsSettings" preserve="nothing"/>
		<type fullname="UnityEngine.QualitySettings" preserve="nothing"/>
		<type fullname="UnityEditor.Physics2DSettings" preserve="nothing"/>
		<type fullname="UnityEngine.Transform" preserve="nothing"/>
		<type fullname="UnityEngine.Texture" preserve="nothing"/>
		<type fullname="UnityEngine.Canvas" preserve="nothing"/>
		<type fullname="UnityEngine.RectTransform" preserve="nothing"/>
		<type fullname="UnityEngine.GameObject" preserve="nothing"/>
		<type fullname="UnityEngine.LightmapSettings" preserve="nothing"/>
		<type fullname="UnityEngine.Font" preserve="nothing"/>
		<type fullname="UnityEngine.Texture2D" preserve="nothing"/>
		<type fullname="UnityEngine.Sprite" preserve="nothing"/>
		<type fullname="UnityEngine.CanvasRenderer" preserve="nothing"/>
		<type fullname="UnityEngine.RenderSettings" preserve="nothing"/>
		<type fullname="UnityEngine.AnimationClip" preserve="nothing"/>
		<type fullname="UnityEngine.Camera" preserve="nothing"/>
		<type fullname="UnityEngine.Renderer" preserve="nothing"/>
		<type fullname="UnityEngine.SpriteRenderer" preserve="nothing"/>
		<type fullname="UnityEngine.Rigidbody2D" preserve="nothing"/>
		<type fullname="UnityEngine.Collider2D" preserve="nothing"/>
		<type fullname="UnityEngine.BoxCollider2D" preserve="nothing"/>
		<type fullname="UnityEngine.PolygonCollider2D" preserve="nothing"/>
		<type fullname="UnityEngine.Motion" preserve="nothing"/>
		<type fullname="UnityEngine.RuntimeAnimatorController" preserve="nothing"/>
		<type fullname="UnityEngine.Animator" preserve="nothing"/>
		<type fullname="UnityEditor.Animations.AnimatorController" preserve="nothing"/>
	</assembly>
	<assembly fullname="Assembly-CSharp-firstpass">
		<type fullname="FMODUnity.Settings" preserve="nothing"/>
		<type fullname="FMODUnity.StudioEventEmitter" preserve="nothing"/>
		<type fullname="FMODUnity.StudioListener" preserve="nothing"/>
	</assembly>
	<assembly fullname="Assembly-CSharp">
		<type fullname="EndLevelOnTouch" preserve="nothing"/>
		<type fullname="LevelDirector" preserve="nothing"/>
		<type fullname="PlayerCharacterAnimatorBridge" preserve="nothing"/>
		<type fullname="PlayerEntityModel" preserve="nothing"/>
		<type fullname="RandomizeWaterEffect" preserve="nothing"/>
		<type fullname="SV.AudioDirector" preserve="nothing"/>
		<type fullname="SV.DebugCamera" preserve="nothing"/>
		<type fullname="SV.Entities.AnimationExt" preserve="nothing"/>
		<type fullname="SV.Entities.Entity" preserve="nothing"/>
		<type fullname="SV.Entities.EntityDirector" preserve="nothing"/>
		<type fullname="SV.Entities.PlatformerControllerExt" preserve="nothing"/>
		<type fullname="SV.Entities.PlayerInputExt" preserve="nothing"/>
		<type fullname="SV.Entities.TeleportationExt" preserve="nothing"/>
		<type fullname="SV.Game" preserve="nothing"/>
		<type fullname="SV.InputDirector" preserve="nothing"/>
		<type fullname="SV.TimeDirector" preserve="nothing"/>
		<type fullname="WaterSplash" preserve="nothing"/>
		<type fullname="WebsiteConfig" preserve="nothing"/>
	</assembly>
	<assembly fullname="Cinemachine">
		<type fullname="Cinemachine.CinemachineBrain" preserve="nothing"/>
		<type fullname="Cinemachine.CinemachineConfiner" preserve="nothing"/>
		<type fullname="Cinemachine.CinemachineFramingTransposer" preserve="nothing"/>
		<type fullname="Cinemachine.CinemachinePipeline" preserve="nothing"/>
		<type fullname="Cinemachine.CinemachinePixelPerfect" preserve="nothing"/>
		<type fullname="Cinemachine.CinemachineVirtualCamera" preserve="nothing"/>
		<type fullname="CinemachineCameraOffset" preserve="nothing"/>
	</assembly>
	<assembly fullname="DOTween">
		<type fullname="DG.Tweening.Core.DOTweenSettings" preserve="nothing"/>
	</assembly>
	<assembly fullname="Unity.InputSystem">
		<type fullname="UnityEngine.InputSystem.InputSettings" preserve="nothing"/>
		<type fullname="UnityEngine.InputSystem.InputSystemObject" preserve="nothing"/>
		<type fullname="UnityEngine.InputSystem.RemoteInputPlayerConnection" preserve="nothing"/>
	</assembly>
	<assembly fullname="Unity.RenderPipelines.Core.Runtime">
		<type fullname="UnityEngine.Rendering.UI.DebugUIHandlerBitField" preserve="nothing"/>
		<type fullname="UnityEngine.Rendering.UI.DebugUIHandlerButton" preserve="nothing"/>
		<type fullname="UnityEngine.Rendering.UI.DebugUIHandlerCanvas" preserve="nothing"/>
		<type fullname="UnityEngine.Rendering.UI.DebugUIHandlerColor" preserve="nothing"/>
		<type fullname="UnityEngine.Rendering.UI.DebugUIHandlerContainer" preserve="nothing"/>
		<type fullname="UnityEngine.Rendering.UI.DebugUIHandlerEnumField" preserve="nothing"/>
		<type fullname="UnityEngine.Rendering.UI.DebugUIHandlerEnumHistory" preserve="nothing"/>
		<type fullname="UnityEngine.Rendering.UI.DebugUIHandlerFloatField" preserve="nothing"/>
		<type fullname="UnityEngine.Rendering.UI.DebugUIHandlerFoldout" preserve="nothing"/>
		<type fullname="UnityEngine.Rendering.UI.DebugUIHandlerGroup" preserve="nothing"/>
		<type fullname="UnityEngine.Rendering.UI.DebugUIHandlerHBox" preserve="nothing"/>
		<type fullname="UnityEngine.Rendering.UI.DebugUIHandlerIndirectFloatField" preserve="nothing"/>
		<type fullname="UnityEngine.Rendering.UI.DebugUIHandlerIndirectToggle" preserve="nothing"/>
		<type fullname="UnityEngine.Rendering.UI.DebugUIHandlerIntField" preserve="nothing"/>
		<type fullname="UnityEngine.Rendering.UI.DebugUIHandlerPanel" preserve="nothing"/>
		<type fullname="UnityEngine.Rendering.UI.DebugUIHandlerPersistentCanvas" preserve="nothing"/>
		<type fullname="UnityEngine.Rendering.UI.DebugUIHandlerToggle" preserve="nothing"/>
		<type fullname="UnityEngine.Rendering.UI.DebugUIHandlerToggleHistory" preserve="nothing"/>
		<type fullname="UnityEngine.Rendering.UI.DebugUIHandlerUIntField" preserve="nothing"/>
		<type fullname="UnityEngine.Rendering.UI.DebugUIHandlerVBox" preserve="nothing"/>
		<type fullname="UnityEngine.Rendering.UI.DebugUIHandlerValue" preserve="nothing"/>
		<type fullname="UnityEngine.Rendering.UI.DebugUIHandlerVector2" preserve="nothing"/>
		<type fullname="UnityEngine.Rendering.UI.DebugUIHandlerVector3" preserve="nothing"/>
		<type fullname="UnityEngine.Rendering.UI.DebugUIHandlerVector4" preserve="nothing"/>
		<type fullname="UnityEngine.Rendering.UI.UIFoldout" preserve="nothing"/>
	</assembly>
	<assembly fullname="Unity.TextMeshPro">
		<type fullname="TMPro.TMP_FontAsset" preserve="nothing"/>
		<type fullname="TMPro.TMP_Settings" preserve="nothing"/>
		<type fullname="TMPro.TMP_SpriteAsset" preserve="nothing"/>
		<type fullname="TMPro.TMP_StyleSheet" preserve="nothing"/>
	</assembly>
	<assembly fullname="UnityEngine.UI">
		<type fullname="UnityEngine.UI.Button" preserve="nothing"/>
		<type fullname="UnityEngine.UI.CanvasScaler" preserve="nothing"/>
		<type fullname="UnityEngine.UI.ContentSizeFitter" preserve="nothing"/>
		<type fullname="UnityEngine.UI.GraphicRaycaster" preserve="nothing"/>
		<type fullname="UnityEngine.UI.HorizontalLayoutGroup" preserve="nothing"/>
		<type fullname="UnityEngine.UI.Image" preserve="nothing"/>
		<type fullname="UnityEngine.UI.LayoutElement" preserve="nothing"/>
		<type fullname="UnityEngine.UI.Mask" preserve="nothing"/>
		<type fullname="UnityEngine.UI.ScrollRect" preserve="nothing"/>
		<type fullname="UnityEngine.UI.Scrollbar" preserve="nothing"/>
		<type fullname="UnityEngine.UI.Text" preserve="nothing"/>
		<type fullname="UnityEngine.UI.Toggle" preserve="nothing"/>
		<type fullname="UnityEngine.UI.VerticalLayoutGroup" preserve="nothing"/>
	</assembly>
</linker>
